"ori_node","des_node","ori_layer","des_layer","minutes","km"
1978,18978,2,2,2,1.41
5133,18260,2,2,6,5.287
18260,5133,2,2,5,5.287
18260,29212,2,2,6,6.129
18978,1978,2,2,3,1.41
18978,29212,2,2,3,2.252
29212,18260,2,2,7,6.129
29212,18978,2,2,3,2.252
12164,18260,4,4,1,0.874
18260,18260,4,4,1,0
18260,42006,4,4,3,0.778
48996,12164,4,4,2,3.874
87,9214,5,5,1,0.226
87,15422,5,5,1,0.602
87,20988,5,5,1,0.222
163,16462,5,5,1,0.1
163,24341,5,5,1,0.167
163,32889,5,5,1,0.143
163,37721,5,5,1,0.396
205,278,5,5,1,0.208
205,42301,5,5,1,0.175
205,125992,5,5,1,0.159
278,205,5,5,1,0.208
278,10373,5,5,1,0.127
278,11987,5,5,1,0.172
278,50892,5,5,1,0.185
324,37972,5,5,1,0.275
324,42489,5,5,1,0.193
324,47714,5,5,1,0.182
709,17997,5,5,1,0.338
709,38381,5,5,1,0.345
821,11839,5,5,3,1.024
821,98613,5,5,4,1.901
852,8749,5,5,1,0.289
852,32349,5,5,1,0.322
1030,1030,5,5,1,0
1030,9461,5,5,1,0.485
1030,16939,5,5,1,0.396
1293,15971,5,5,1,0.192
1293,32361,5,5,2,0.359
1293,37108,5,5,1,0.424
1433,40028,5,5,1,0.403
1433,40032,5,5,1,0.44
1433,47292,5,5,1,0.192
1455,42406,5,5,1,0.419
1455,43281,5,5,1,0.127
1556,17506,5,5,1,0.176
1556,42504,5,5,1,0.128
1556,43281,5,5,1,0.284
1712,1714,5,5,1,0.294
1712,20832,5,5,1,0.398
1712,127381,5,5,1,0.091
1714,1712,5,5,1,0.294
1714,127381,5,5,1,0.338
1714,212289,5,5,1,0.184
1819,10783,5,5,1,0.224
1819,10928,5,5,2,1.183
1819,13854,5,5,1,0.258
1819,112587,5,5,1,0.527
1819,116740,5,5,1,0.18
1839,22654,5,5,1,0.397
1839,34037,5,5,1,0.268
1839,254419,5,5,1,0.299
1978,1978,5,5,1,0
1978,2797,5,5,13,6.504
1978,3149,5,5,1,0.551
1978,17015,5,5,1,0.5
1978,29212,5,5,6,3.66
1978,51428,5,5,1,0.642
1978,67019,5,5,1,0.349
1978,187355,5,5,1,0.272
1978,221753,5,5,1,0.282
2030,2030,5,5,1,0
2030,76546,5,5,1,0.211
2104,7685,5,5,1,0.234
2104,20486,5,5,1,0.29
2385,3943,5,5,1,0.266
2385,3944,5,5,1,0.345
2385,23717,5,5,1,0.328
2385,36505,5,5,1,0.503
2450,21222,5,5,1,0.149
2450,28121,5,5,1,0.166
2485,7492,5,5,1,0.608
2485,234890,5,5,1,0.414
2569,39685,5,5,1,0.267
2569,45855,5,5,1,0.431
2569,243011,5,5,1,0.497
2797,1978,5,5,13,6.504
2797,4314,5,5,1,0.251
2797,15371,5,5,13,3.194
2797,29212,5,5,5,3.03
2797,45342,5,5,1,0.288
3149,1978,5,5,1,0.551
3149,21435,5,5,1,0.136
3370,5228,5,5,1,0.096
3370,13328,5,5,1,0.217
3370,29585,5,5,1,0.518
3370,246889,5,5,1,0.516
3396,4354,5,5,1,0.319
3396,28874,5,5,1,0.127
3399,23464,5,5,1,0.106
3399,43351,5,5,1,0.28
3471,3471,5,5,1,0
3471,23029,5,5,1,0.218
3519,3546,5,5,1,0.246
3519,15372,5,5,1,0.271
3519,18616,5,5,1,0.21
3546,3519,5,5,1,0.246
3546,7492,5,5,3,0.475
3546,45855,5,5,1,0.316
3546,71837,5,5,1,0.227
3941,3942,5,5,1,0.152
3941,12158,5,5,1,0.266
3941,36874,5,5,1,0.275
3942,3941,5,5,1,0.152
3942,3943,5,5,1,0.42
3943,2385,5,5,1,0.266
3943,3942,5,5,1,0.42
3943,23717,5,5,1,0.389
3944,2385,5,5,1,0.345
3944,17506,5,5,1,0.323
3944,36505,5,5,2,0.218
3944,44360,5,5,2,0.639
3952,18374,5,5,1,0.188
3952,65923,5,5,5,2.885
3952,115261,5,5,3,2.593
3952,211446,5,5,7,3.07
4186,17631,5,5,1,0.236
4186,45928,5,5,1,0.311
4313,4314,5,5,1,0.389
4313,196001,5,5,1,0.139
4314,2797,5,5,1,0.251
4314,4313,5,5,1,0.389
4314,20484,5,5,1,0.293
4322,8406,5,5,3,0.741
4322,45924,5,5,1,0.343
4322,47807,5,5,1,0.239
4322,213415,5,5,1,0.306
4322,252552,5,5,1,0.299
4343,6061,5,5,1,0.231
4343,23502,5,5,1,0.427
4354,3396,5,5,1,0.319
4354,4354,5,5,1,0
4354,212074,5,5,1,0.378
4508,24426,5,5,2,1.287
4508,43233,5,5,1,0.389
4508,210068,5,5,4,3.278
4508,215945,5,5,1,0.097
4569,28197,5,5,1,0.263
4569,29583,5,5,1,0.229
4572,10936,5,5,1,0.263
4572,35377,5,5,1,0.401
4574,12600,5,5,1,0.278
4574,26891,5,5,2,0.525
4574,42006,5,5,1,0.316
4990,36386,5,5,1,0.224
4990,49025,5,5,2,0.225
5045,16484,5,5,1,0.216
5045,23717,5,5,1,0.094
5045,47806,5,5,1,0.274
5133,5133,5,5,1,0
5133,19174,5,5,1,0.617
5133,32760,5,5,1,0.506
5133,35886,5,5,2,0.818
5133,46472,5,5,1,0.519
5133,48996,5,5,1,0.684
5133,105479,5,5,1,0.352
5133,221987,5,5,1,0.392
5159,16767,5,5,1,0.153
5159,32298,5,5,1,0.134
5228,3370,5,5,1,0.096
5228,5229,5,5,1,0.149
5228,13328,5,5,1,0.312
5229,5228,5,5,1,0.149
5229,13328,5,5,1,0.46
5229,47714,5,5,1,0.279
5741,16767,5,5,1,0.113
5741,21532,5,5,1,0.069
6061,4343,5,5,1,0.231
6061,11337,5,5,1,0.044
6061,141647,5,5,8,2.846
6634,17997,5,5,1,0.251
6634,40664,5,5,1,0.254
6634,133015,5,5,1,0.206
6638,10169,5,5,1,0.211
6638,15373,5,5,1,0.249
6638,84492,5,5,1,0.198
6638,223342,5,5,1,0.254
6707,3944,5,5,1,0.336
6707,16555,5,5,1,0.387
6707,44360,5,5,1,0.32
6709,6709,5,5,1,0
6709,40185,5,5,1,0.235
6709,47779,5,5,1,0.501
6862,28875,5,5,1,0.117
6862,45099,5,5,1,0.227
7001,26772,5,5,1,0.188
7001,49417,5,5,1,0.284
7051,21247,5,5,1,0.225
7051,31351,5,5,1,0.348
7051,42004,5,5,1,0.35
7096,26516,5,5,1,0.43
7492,2485,5,5,1,0.608
7492,3546,5,5,1,0.475
7492,45158,5,5,2,1.155
7492,45861,5,5,1,0.209
7492,71837,5,5,1,0.556
7558,166975,5,5,1,0.182
7558,231829,5,5,1,0.297
7682,13368,5,5,1,0.846
7682,18391,5,5,1,0.59
7682,98612,5,5,1,1.206
7682,102643,5,5,1,0.665
7682,124956,5,5,8,3.704
7682,258261,5,5,2,0.636
7685,2104,5,5,1,0.234
7685,33873,5,5,1,0.239
8406,42743,5,5,1,0.216
8406,51383,5,5,1,0.244
8407,163,5,5,1,0.267
8407,8406,5,5,3,0.525
8407,16462,5,5,1,0.17
8407,34037,5,5,1,0.193
8407,51156,5,5,1,0.321
8407,51383,5,5,1,0.281
8487,8487,5,5,1,0
8487,10781,5,5,1,0.313
8487,24190,5,5,1,0.197
8596,42406,5,5,2,0.989
8596,202288,5,5,2,0.67
8596,212256,5,5,1,1.061
8749,852,5,5,1,0.289
8749,39606,5,5,1,0.395
8749,105228,5,5,1,0.277
9198,22081,5,5,1,0.288
9198,34156,5,5,1,0.259
9198,207307,5,5,1,0.385
9214,87,5,5,1,0.226
9214,33823,5,5,1,0.234
9214,49046,5,5,1,0.176
9446,9448,5,5,1,0.277
9446,36874,5,5,1,0.561
9448,163,5,5,1,0.395
9448,9446,5,5,1,0.277
9448,32889,5,5,1,0.259
9461,1030,5,5,1,0.485
9461,9461,5,5,1,0
9461,21881,5,5,1,0.188
9461,29975,5,5,1,0.293
9461,46587,5,5,1,0.261
9635,2485,5,5,1,0.597
9635,29118,5,5,1,0.379
9635,51374,5,5,1,0.307
9636,10162,5,5,1,0.251
9636,22081,5,5,1,0.2
9636,220244,5,5,1,0.078
9638,20986,5,5,1,0.268
9638,32703,5,5,1,0.211
9638,33318,5,5,1,0.168
9727,12164,5,5,1,0.197
9727,23099,5,5,1,0.175
9886,31351,5,5,1,0.275
9886,49417,5,5,1,0.281
9909,17157,5,5,1,0.479
9909,48785,5,5,1,0.386
10078,24390,5,5,1,1.209
10078,33340,5,5,1,1.026
10078,148469,5,5,5,2.699
10162,9636,5,5,1,0.251
10162,31677,5,5,1,0.494
10162,36384,5,5,1,0.413
10162,220243,5,5,1,0.204
10169,84492,5,5,1,0.301
10169,128593,5,5,1,0.195
10169,128599,5,5,2,0.247
10370,11297,5,5,1,0.144
10370,31675,5,5,1,0.117
10371,11297,5,5,1,0.192
10371,39883,5,5,1,0.259
10373,278,5,5,1,0.127
10373,15338,5,5,1,0.224
10373,45360,5,5,3,0.786
10373,173982,5,5,1,0.353
10781,8487,5,5,1,0.313
10781,30044,5,5,1,0.303
10783,1819,5,5,1,0.224
10783,18418,5,5,1,0.251
10928,18418,5,5,3,0.729
10928,98656,5,5,1,0.446
10929,24400,5,5,1,0.153
10929,43351,5,5,1,0.179
10936,4572,5,5,1,0.263
10936,34376,5,5,1,0.427
10936,39605,5,5,1,0.214
10936,223555,5,5,1,0.346
11004,11004,5,5,1,0
11004,29212,5,5,1,0.671
11004,40664,5,5,1,0.432
11004,115561,5,5,3,1.064
11204,16939,5,5,1,0.111
11204,33588,5,5,1,0.394
11204,44390,5,5,1,0.265
11297,10370,5,5,1,0.144
11297,10371,5,5,1,0.192
11337,6061,5,5,1,0.044
11337,32361,5,5,1,1.594
11337,141647,5,5,7,2.831
11337,171163,5,5,1,1.143
11351,14674,5,5,1,0.167
11351,45342,5,5,1,0.448
11839,821,5,5,3,1.024
11839,81570,5,5,2,1.118
11987,278,5,5,1,0.172
11987,28415,5,5,1,0.257
12158,3941,5,5,1,0.266
12158,23683,5,5,1,0.256
12158,36874,5,5,1,0.193
12158,156704,5,5,1,0.396
12158,186754,5,5,1,0.427
12164,9727,5,5,1,0.197
12164,44967,5,5,1,0.315
12174,17919,5,5,1,0.25
12174,37718,5,5,1,0.253
12450,31671,5,5,1,0.39
12450,31677,5,5,1,0.198
12600,4574,5,5,1,0.278
12600,33873,5,5,1,0.187
12611,18260,5,5,4,3.928
12611,18378,5,5,1,2.054
12611,18780,5,5,3,1.599
12611,29287,5,5,4,1.735
12611,39515,5,5,6,4.108
12611,42006,5,5,6,4.381
12611,195940,5,5,2,1.132
12999,6638,5,5,1,0.249
12999,12999,5,5,1,0
12999,15373,5,5,1,0.153
13024,61562,5,5,1,0.229
13024,111631,5,5,1,0.184
13160,13161,5,5,1,0.238
13160,18780,5,5,1,0.269
13160,43111,5,5,1,0.488
13160,158184,5,5,1,0.442
13161,21226,5,5,1,0.173
13161,41365,5,5,1,0.685
13161,215059,5,5,1,0.181
13161,241591,5,5,1,0.133
13328,3370,5,5,1,0.217
13328,5228,5,5,1,0.312
13328,39370,5,5,3,1.176
13328,68448,5,5,1,0.444
13368,7682,5,5,2,0.846
13854,1819,5,5,1,0.258
13854,16555,5,5,1,0.333
13854,24190,5,5,1,0.215
13854,223341,5,5,4,0.725
14150,20024,5,5,1,0.28
14150,33588,5,5,1,0.259
14151,21881,5,5,1,0.288
14151,44390,5,5,1,0.297
14671,14671,5,5,1,0
14671,14672,5,5,1,0.103
14671,14673,5,5,1,0.461
14672,14671,5,5,1,0.103
14672,26890,5,5,1,0.346
14673,14671,5,5,1,0.461
14673,26891,5,5,1,0.232
14674,26890,5,5,1,0.183
14674,27386,5,5,1,0.352
14714,10169,5,5,1,0.778
14714,22654,5,5,2,0.226
14714,29267,5,5,3,0.625
14714,86003,5,5,1,0.212
14741,26517,5,5,1,0.361
14741,26520,5,5,1,0.266
14868,15373,5,5,1,0.29
14868,20024,5,5,1,0.362
15338,15338,5,5,1,0
15338,258801,5,5,1,0.236
15371,2797,5,5,13,3.194
15371,18260,5,5,3,0.63
15371,20778,5,5,1,0.38
15371,29212,5,5,13,6.146
15371,30810,5,5,15,8.718
15371,33340,5,5,15,6.858
15371,36806,5,5,10,5.934
15371,40290,5,5,1,0.081
15372,3519,5,5,1,0.271
15372,16066,5,5,1,0.241
15372,45598,5,5,1,0.154
15373,6638,5,5,1,0.249
15373,14868,5,5,1,0.29
15373,223342,5,5,1,0.163
15422,87,5,5,1,0.602
15422,20987,5,5,1,0.111
15422,20988,5,5,1,0.527
15422,39685,5,5,1,0.266
15422,51160,5,5,2,0.565
15806,46651,5,5,1,0.286
15806,51096,5,5,1,0.227
15971,1293,5,5,1,0.192
15971,36806,5,5,1,0.383
15971,37108,5,5,1,0.612
15971,41767,5,5,20,3.938
16066,3519,5,5,1,0.273
16066,18616,5,5,1,0.303
16066,71075,5,5,1,0.23
16252,45744,5,5,2,1.65
16252,46913,5,5,2,1.516
16252,261965,5,5,2,1.384
16462,163,5,5,1,0.1
16462,8407,5,5,2,0.17
16462,32889,5,5,1,0.139
16462,51156,5,5,1,0.186
16462,51383,5,5,1,0.446
16464,15371,5,5,1,0.207
16464,18260,5,5,1,0.609
16464,20778,5,5,1,0.587
16464,31468,5,5,1,0.5
16464,34156,5,5,1,0.353
16464,42006,5,5,1,0.22
16464,42409,5,5,1,0.191
16464,239679,5,5,5,0.846
16484,5045,5,5,1,0.216
16484,23717,5,5,1,0.273
16484,27577,5,5,1,0.326
16555,6707,5,5,1,0.387
16555,13854,5,5,1,0.333
16569,41069,5,5,4,1.646
16569,45158,5,5,1,0.41
16569,124956,5,5,4,1.408
16569,146014,5,5,5,1.742
16569,151626,5,5,2,2.194
16684,16685,5,5,1,0.261
16684,50367,5,5,1,0.139
16685,16684,5,5,1,0.261
16685,51156,5,5,1,0.523
16685,86003,5,5,1,0.267
16686,28415,5,5,1,0.254
16686,47860,5,5,1,0.234
16686,152970,5,5,1,0.235
16767,5159,5,5,1,0.153
16767,5741,5,5,1,0.113
16767,37720,5,5,1,0.197
16934,18617,5,5,1,0.386
16934,42432,5,5,1,0.404
16934,48745,5,5,1,0.497
16939,1030,5,5,1,0.396
16939,11204,5,5,1,0.111
16939,21457,5,5,1,0.276
16939,65234,5,5,3,0.3
17015,1978,5,5,1,0.5
17015,80888,5,5,1,0.2
17093,17093,5,5,1,0
17093,249099,5,5,1,0.519
17157,184370,5,5,1,0.446
17157,257737,5,5,1,0.275
17426,28729,5,5,1,0.268
17426,29322,5,5,1,0.159
17426,51428,5,5,1,0.263
17506,1556,5,5,1,0.176
17506,3944,5,5,1,0.323
17506,36505,5,5,1,0.278
17506,211579,5,5,1,0.142
17631,4186,5,5,1,0.236
17631,37493,5,5,1,0.37
17666,20778,5,5,1,0.309
17666,21261,5,5,1,0.31
17666,133064,5,5,2,0.746
17676,20987,5,5,1,0.207
17676,33318,5,5,2,0.793
17676,44570,5,5,2,0.267
17790,27577,5,5,1,0.194
17790,72746,5,5,1,0.555
17790,186754,5,5,1,0.243
17919,12174,5,5,1,0.25
17919,17919,5,5,1,0
17919,45361,5,5,1,0.186
17919,229895,5,5,2,0.375
17997,709,5,5,1,0.338
17997,6634,5,5,1,0.251
17997,40664,5,5,1,0.502
18260,16464,5,5,1,0.609
18260,18260,5,5,1,0
18260,19159,5,5,10,7.076
18260,20778,5,5,1,0.848
18260,33665,5,5,5,2.602
18260,35886,5,5,8,5.233
18260,38678,5,5,1,0.521
18260,42006,5,5,1,0.778
18260,42409,5,5,1,0.58
18260,44967,5,5,1,0.56
18260,89150,5,5,1,0.676
18260,107225,5,5,1,0.433
18260,239681,5,5,6,0.806
18374,3952,5,5,1,0.188
18374,32760,5,5,1,0.488
18378,18260,5,5,5,2.698
18378,18780,5,5,3,0.814
18378,20830,5,5,2,1.848
18378,28121,5,5,1,0.494
18378,42006,5,5,5,2.832
18391,7682,5,5,1,0.59
18391,28731,5,5,1,0.221
18391,29918,5,5,10,4.834
18391,98612,5,5,4,1.466
18418,1819,5,5,1,0.455
18418,10783,5,5,1,0.251
18418,10928,5,5,1,0.729
18418,29583,5,5,2,1.073
18418,84488,5,5,5,1.554
18418,120899,5,5,1,0.237
18418,218148,5,5,1,0.365
18568,43233,5,5,1,0.448
18568,72469,5,5,1,0.364
18568,98617,5,5,1,0.148
18568,98618,5,5,1,0.33
18568,126137,5,5,1,0.493
18616,3519,5,5,1,0.21
18616,16066,5,5,1,0.303
18616,45593,5,5,1,0.287
18617,16934,5,5,1,0.386
18617,18978,5,5,1,0.504
18617,42432,5,5,1,0.782
18780,2450,5,5,1,0.2
18780,12611,5,5,2,1.599
18780,13160,5,5,1,0.269
18780,13161,5,5,2,0.37
18780,18378,5,5,3,0.814
18780,28121,5,5,1,0.34
18945,41767,5,5,1,0.832
18945,138475,5,5,6,2.422
18978,18617,5,5,1,0.504
18978,18978,5,5,1,0
18978,29322,5,5,1,0.532
18978,187353,5,5,1,0.41
19027,33665,5,5,1,0.695
19027,87535,5,5,1,0.221
19027,173087,5,5,1,0.268
19047,29287,5,5,1,0.442
19047,239920,5,5,1,2.221
19159,19174,5,5,2,1.453
19159,211447,5,5,3,1.676
19174,5133,5,5,1,0.617
19174,19159,5,5,3,1.453
19533,23464,5,5,1,0.27
19533,133064,5,5,1,0.402
20024,14150,5,5,1,0.28
20024,14868,5,5,1,0.362
20300,50892,5,5,1,0.275
20300,223593,5,5,1,0.449
20484,4314,5,5,1,0.293
20484,36563,5,5,1,0.408
20484,40032,5,5,1,0.299
20486,2104,5,5,1,0.29
20486,47292,5,5,1,0.336
20778,17666,5,5,1,0.309
20778,18260,5,5,1,0.848
20778,19533,5,5,1,0.206
20778,89150,5,5,1,0.174
20827,20828,5,5,1,0.152
20827,20832,5,5,1,0.396
20828,20827,5,5,1,0.152
20828,20829,5,5,1,0.433
20829,20827,5,5,1,0.586
20829,20828,5,5,1,0.433
20829,20830,5,5,1,0.274
20829,30916,5,5,1,0.106
20830,18378,5,5,3,1.848
20830,20829,5,5,1,0.274
20830,28121,5,5,1,2.326
20830,30916,5,5,1,0.35
20832,1712,5,5,1,0.398
20832,20827,5,5,1,0.396
20832,154972,5,5,1,0.1
20846,20846,5,5,1,0
20986,9638,5,5,1,0.268
20986,33318,5,5,2,0.174
20986,34495,5,5,1,0.261
20987,15422,5,5,1,0.111
20987,17676,5,5,1,0.207
20987,213552,5,5,1,0.282
20988,87,5,5,1,0.222
20988,15422,5,5,1,0.527
20988,44570,5,5,1,0.393
20988,51160,5,5,1,0.334
21059,47806,5,5,1,0.386
21059,94196,5,5,1,0.265
21222,2450,5,5,1,0.149
21222,47614,5,5,1,0.117
21226,21227,5,5,1,0.062
21226,151482,5,5,1,0.128
21226,241592,5,5,1,0.128
21227,21226,5,5,1,0.062
21227,24464,5,5,1,0.181
21247,7051,5,5,1,0.225
21247,21249,5,5,1,0.288
21249,17157,5,5,1,0.359
21249,21247,5,5,1,0.288
21249,163047,5,5,1,0.369
21251,22069,5,5,1,0.329
21251,22081,5,5,1,0.309
21261,17666,5,5,1,0.31
21261,70400,5,5,1,0.203
21435,3149,5,5,1,0.136
21435,87705,5,5,1,0.287
21435,258261,5,5,1,0.266
21457,16939,5,5,1,0.276
21457,44162,5,5,1,0.277
21532,5741,5,5,1,0.069
21532,36163,5,5,1,0.144
21532,43351,5,5,1,0.204
21881,9461,5,5,1,0.188
21881,14151,5,5,1,0.288
21881,46587,5,5,1,0.154
21920,21921,5,5,1,0.135
21920,36554,5,5,1,0.269
21921,21920,5,5,1,0.135
21921,21922,5,5,1,0.398
21922,21921,5,5,1,0.398
21922,29212,5,5,2,1.224
21922,42006,5,5,9,4.598
21922,136122,5,5,1,0.503
22069,21251,5,5,1,0.329
22069,176506,5,5,1,0.225
22081,9198,5,5,1,0.288
22081,9636,5,5,1,0.2
22081,22081,5,5,1,0
22081,160148,5,5,1,0.187
22081,205320,5,5,1,0.227
22387,39605,5,5,1,0.335
22387,51387,5,5,1,0.184
22532,13024,5,5,1,0.362
22532,42024,5,5,1,0.21
22637,22637,5,5,1,0
22637,28876,5,5,1,0.321
22637,42489,5,5,1,0.201
22654,1839,5,5,1,0.397
22654,6638,5,5,1,0.497
22654,10169,5,5,2,0.654
22654,14714,5,5,1,0.226
23028,39605,5,5,1,0.204
23028,208046,5,5,1,0.218
23029,23031,5,5,1,0.172
23029,25811,5,5,1,0.267
23029,87538,5,5,2,0.149
23029,188315,5,5,1,0.391
23031,23029,5,5,1,0.172
23031,28873,5,5,1,0.214
23031,35377,5,5,1,0.347
23099,3471,5,5,1,0.356
23099,9727,5,5,1,0.175
23099,25811,5,5,1,0.401
23099,34376,5,5,2,0.209
23245,7558,5,5,1,0.199
23245,39674,5,5,1,0.431
23464,3399,5,5,1,0.106
23464,19533,5,5,1,0.27
23465,29212,5,5,1,0.571
23465,48745,5,5,1,0.318
23500,36806,5,5,1,0.045
23500,42406,5,5,2,1.864
23500,51135,5,5,8,6.685
23500,202288,5,5,5,1.452
23500,203077,5,5,1,0.285
23502,4343,5,5,1,0.427
23502,91667,5,5,2,0.519
23502,212256,5,5,1,0.167
23502,250600,5,5,2,0.494
23683,12158,5,5,1,0.256
23683,42743,5,5,1,0.147
23683,72746,5,5,1,0.19
23683,186754,5,5,1,0.221
23717,2385,5,5,1,0.328
23717,3943,5,5,1,0.389
23717,5045,5,5,1,0.094
23717,16484,5,5,1,0.273
23805,45927,5,5,1,0.315
23805,45928,5,5,1,0.506
24190,8487,5,5,1,0.197
24190,13854,5,5,1,0.215
24197,25810,5,5,1,0.241
24197,33665,5,5,1,0.765
24197,112588,5,5,1,0.196
24341,26415,5,5,1,0.218
24341,32889,5,5,1,0.116
24390,10078,5,5,1,1.209
24400,10929,5,5,1,0.153
24400,31468,5,5,1,0.138
24400,176506,5,5,1,0.21
24426,4508,5,5,2,1.287
24426,210070,5,5,4,1.137
24464,21227,5,5,1,0.181
24464,47614,5,5,1,0.329
25808,25810,5,5,1,0.353
25808,28600,5,5,1,0.207
25809,28600,5,5,1,0.379
25809,48996,5,5,1,0.372
25809,98656,5,5,1,0.266
25810,24197,5,5,1,0.241
25810,25808,5,5,1,0.353
25810,112588,5,5,1,0.184
25810,219576,5,5,1,0.455
25811,3471,5,5,1,0.135
25811,19027,5,5,1,0.362
25811,34376,5,5,1,0.21
25811,36386,5,5,2,0.213
25811,188315,5,5,1,0.21
26225,32703,5,5,1,0.497
26225,42518,5,5,3,1.175
26225,44556,5,5,1,0.17
26225,115561,5,5,1,0.2
26225,165323,5,5,1,0.428
26415,24341,5,5,1,0.218
26415,30182,5,5,1,0.209
26415,37722,5,5,2,0.587
26516,7096,5,5,2,0.43
26516,32351,5,5,1,0.306
26516,41995,5,5,1,0.364
26517,14741,5,5,1,0.361
26517,41995,5,5,1,0.325
26520,14741,5,5,1,0.266
26520,40415,5,5,4,2.506
26520,166974,5,5,6,2.334
26625,31962,5,5,1,0.316
26625,32697,5,5,1,0.607
26625,45742,5,5,1,0.499
26625,45744,5,5,1,0.619
26688,26688,5,5,1,0
26688,39685,5,5,1,0.498
26688,243011,5,5,1,0.153
26770,7682,5,5,3,1.408
26770,23805,5,5,2,1.326
26772,7001,5,5,1,0.188
26772,38165,5,5,1,0.278
26890,11351,5,5,1,0.348
26890,14672,5,5,1,0.346
26890,14674,5,5,1,0.183
26891,14673,5,5,1,0.232
26891,26891,5,5,1,0
26891,176507,5,5,1,0.123
26892,22081,5,5,1,0.489
26892,42301,5,5,1,0.191
27386,14674,5,5,1,0.352
27386,33823,5,5,1,0.259
27577,16484,5,5,1,0.326
27577,17790,5,5,1,0.194
28121,2450,5,5,1,0.166
28121,18378,5,5,2,0.494
28121,18780,5,5,1,0.34
28121,20830,5,5,3,2.326
28197,4569,5,5,1,0.263
28197,30045,5,5,1,0.444
28415,11987,5,5,1,0.257
28415,16686,5,5,1,0.254
28415,45361,5,5,1,0.222
28416,39146,5,5,1,0.278
28416,39607,5,5,1,0.327
28600,25808,5,5,1,0.207
28600,25809,5,5,1,0.379
28600,128597,5,5,1,0.202
28600,218153,5,5,1,0.383
28656,39147,5,5,1,0.157
28656,41435,5,5,1,0.232
28729,17426,5,5,1,0.268
28729,28731,5,5,1,0.341
28731,18391,5,5,1,0.221
28731,28729,5,5,1,0.341
28873,23031,5,5,1,0.214
28873,29653,5,5,1,0.352
28874,3396,5,5,1,0.127
28874,29212,5,5,1,0.564
28875,6862,5,5,1,0.117
28875,67811,5,5,1,0.219
28876,22637,5,5,1,0.321
28876,29585,5,5,1,0.311
28876,42489,5,5,1,0.451
29074,39146,5,5,1,0.375
29074,39603,5,5,1,0.359
29118,9635,5,5,1,0.379
29118,31678,5,5,1,0.138
29212,1978,5,5,6,3.66
29212,2797,5,5,5,3.03
29212,11004,5,5,1,0.671
29212,15371,5,5,13,6.146
29212,23465,5,5,1,0.571
29212,28874,5,5,1,0.564
29212,29212,5,5,1,0
29212,40664,5,5,1,1.077
29212,158146,5,5,1,0.631
29212,187846,5,5,1,0.8
29212,191900,5,5,1,0.249
29267,39148,5,5,1,0.308
29267,39607,5,5,1,0.267
29267,86003,5,5,3,0.456
29267,216154,5,5,1,0.248
29287,19047,5,5,1,0.442
29287,61450,5,5,1,0.66
29322,17426,5,5,1,0.159
29322,18978,5,5,1,0.532
29322,51428,5,5,1,0.26
29583,4569,5,5,1,0.229
29583,84488,5,5,2,0.525
29583,184368,5,5,1,0.135
29585,28876,5,5,1,0.311
29585,114004,5,5,1,0.229
29585,136359,5,5,1,0.178
29585,246889,5,5,1,0.165
29586,39370,5,5,1,0.223
29586,39883,5,5,1,0.205
29586,239683,5,5,2,0.239
29653,29653,5,5,1,0
29653,31351,5,5,1,0.174
29653,75747,5,5,1,0.251
29653,223555,5,5,1,0.141
29918,18391,5,5,7,4.834
29918,42518,5,5,1,0.365
29918,49046,5,5,1,0.437
29918,51135,5,5,5,1.968
29918,187353,5,5,8,4.566
29975,9461,5,5,1,0.293
29975,44200,5,5,1,0.307
29975,47100,5,5,1,0.285
30044,10781,5,5,1,0.303
30044,29583,5,5,1,0.396
30044,223341,5,5,2,0.318
30045,28197,5,5,1,0.444
30045,35377,5,5,1,0.266
30046,30046,5,5,1,0
30046,34496,5,5,1,0.318
30046,39603,5,5,1,0.331
30108,40033,5,5,2,0.425
30108,51160,5,5,1,0.263
30182,26415,5,5,1,0.209
30182,32298,5,5,1,0.305
30352,36163,5,5,1,0.266
30352,37723,5,5,1,0.354
30810,15371,5,5,15,8.718
30916,20829,5,5,1,0.106
30916,20830,5,5,1,0.35
30916,154973,5,5,1,0.092
31351,9886,5,5,1,0.275
31351,29653,5,5,1,0.174
31351,149452,5,5,1,0.187
31468,15371,5,5,3,0.459
31468,16464,5,5,1,0.5
31468,24400,5,5,1,0.138
31671,12450,5,5,1,0.39
31671,31678,5,5,1,0.346
31671,49272,5,5,1,0.265
31675,10370,5,5,1,0.117
31675,40033,5,5,1,0.227
31677,10162,5,5,1,0.494
31677,12450,5,5,1,0.198
31677,31677,5,5,1,0
31677,36389,5,5,1,0.421
31678,29118,5,5,1,0.138
31678,31671,5,5,1,0.346
31678,51135,5,5,1,0.2
31923,47860,5,5,1,0.292
31923,96997,5,5,1,0.225
31962,26625,5,5,1,0.316
31962,51137,5,5,1,0.464
32298,5159,5,5,1,0.134
32298,30182,5,5,1,0.305
32349,852,5,5,1,0.322
32349,43111,5,5,1,0.436
32351,26516,5,5,1,0.306
32351,39606,5,5,1,0.378
32351,41995,5,5,1,0.668
32361,11337,5,5,3,1.594
32361,37108,5,5,1,0.133
32361,91667,5,5,4,1.295
32361,190893,5,5,2,1.298
32697,32697,5,5,1,0
32697,39370,5,5,1,0.356
32697,45742,5,5,1,0.416
32697,68448,5,5,4,0.46
32703,9638,5,5,1,0.211
32703,104911,5,5,1,0.196
32703,165323,5,5,1,0.11
32760,5133,5,5,1,0.506
32760,18374,5,5,1,0.488
32889,9448,5,5,1,0.259
32889,16462,5,5,1,0.139
32889,24341,5,5,1,0.116
33318,9638,5,5,1,0.168
33318,17676,5,5,1,0.793
33318,20986,5,5,1,0.174
33318,26225,5,5,3,0.8
33340,15371,5,5,15,6.858
33340,41069,5,5,5,2.483
33340,46913,5,5,1,0.43
33340,180627,5,5,1,0.734
33588,14150,5,5,1,0.259
33588,44390,5,5,1,0.287
33588,224088,5,5,1,0.151
33665,19027,5,5,1,0.695
33665,24197,5,5,1,0.765
33665,33665,5,5,1,0
33665,35886,5,5,1,2.855
33665,107225,5,5,3,2.243
33665,186791,5,5,1,0.385
33821,12999,5,5,1,0.599
33821,23500,5,5,3,2.258
33821,45924,5,5,1,0.224
33821,48723,5,5,2,0.152
33821,107224,5,5,1,0.312
33823,9214,5,5,1,0.234
33823,27386,5,5,1,0.259
33823,49046,5,5,1,0.341
33873,7685,5,5,1,0.239
33873,12600,5,5,1,0.187
34037,1839,5,5,1,0.268
34037,8407,5,5,1,0.193
34037,51383,5,5,1,0.119
34156,9198,5,5,1,0.259
34156,16464,5,5,1,0.353
34156,22081,5,5,1,0.539
34296,246002,5,5,5,3.299
34376,10936,5,5,1,0.427
34376,25811,5,5,1,0.21
34376,41160,5,5,1,0.185
34376,188315,5,5,1,0.039
34495,20986,5,5,1,0.261
34495,44570,5,5,1,0.194
34496,22081,5,5,1,0.475
34496,30046,5,5,1,0.318
34496,31923,5,5,1,0.419
34496,48617,5,5,1,0.645
35377,23031,5,5,1,0.347
35377,30045,5,5,1,0.266
35377,35377,5,5,1,0
35377,261051,5,5,1,0.279
35787,35787,5,5,1,0
35787,35886,5,5,1,0.504
35787,157885,5,5,1,0.216
35787,194030,5,5,1,0.306
35787,218148,5,5,1,0.335
35886,5133,5,5,1,0.818
35886,33665,5,5,3,2.855
35886,35886,5,5,1,0
35886,48996,5,5,1,0.61
35886,82295,5,5,1,0.297
35886,107214,5,5,1,0.624
35886,107225,5,5,5,4.957
35886,194032,5,5,1,0.208
36163,21532,5,5,1,0.144
36163,30352,5,5,1,0.266
36384,10162,5,5,1,0.413
36384,36389,5,5,1,0.365
36384,51137,5,5,1,0.346
36386,4990,5,5,1,0.224
36386,25811,5,5,1,0.213
36389,31677,5,5,1,0.421
36389,36384,5,5,1,0.365
36389,36389,5,5,1,0
36389,176507,5,5,1,0.413
36505,17506,5,5,1,0.278
36505,47806,5,5,1,0.325
36505,249545,5,5,1,0.252
36554,21920,5,5,1,0.269
36554,43027,5,5,1,0.369
36563,20484,5,5,1,0.408
36563,43027,5,5,1,0.3
36806,15371,5,5,10,5.934
36806,15971,5,5,1,0.383
36806,23500,5,5,1,0.045
36874,3941,5,5,1,0.275
36874,12158,5,5,1,0.193
36874,36874,5,5,1,0
36874,81856,5,5,1,0.314
37056,181554,5,5,1,0.249
37056,257737,5,5,1,0.676
37108,1293,5,5,1,0.424
37108,15971,5,5,1,0.612
37108,32361,5,5,1,0.133
37108,138475,5,5,1,0.265
37108,246003,5,5,1,0.323
37493,17631,5,5,1,0.37
37493,45099,5,5,1,0.379
37718,12174,5,5,1,0.253
37718,29074,5,5,1,0.284
37718,37720,5,5,1,0.224
37718,39603,5,5,1,0.075
37720,16767,5,5,1,0.197
37720,37718,5,5,1,0.224
37721,9448,5,5,2,0.102
37721,37722,5,5,1,0.226
37721,39479,5,5,1,0.147
37721,42852,5,5,1,0.237
37722,26415,5,5,2,0.587
37722,37721,5,5,1,0.226
37722,37723,5,5,1,0.333
37722,49027,5,5,3,1.084
37723,30352,5,5,1,0.354
37723,37722,5,5,1,0.333
37972,324,5,5,1,0.275
37972,42489,5,5,1,0.243
37972,49159,5,5,1,0.154
38165,21261,5,5,1,0.388
38165,26772,5,5,1,0.278
38165,42004,5,5,1,0.263
38381,709,5,5,1,0.345
38381,4313,5,5,1,0.385
38678,18260,5,5,1,0.521
38678,43737,5,5,1,0.222
39145,39147,5,5,1,0.235
39145,39148,5,5,1,0.105
39146,28416,5,5,1,0.278
39146,29074,5,5,1,0.375
39147,28656,5,5,1,0.157
39147,39145,5,5,1,0.235
39148,29267,5,5,1,0.308
39148,39145,5,5,1,0.105
39370,13328,5,5,2,1.176
39370,29586,5,5,1,0.223
39370,32697,5,5,1,0.356
39370,45742,5,5,2,0.273
39370,45744,5,5,1,0.347
39370,68448,5,5,1,0.794
39370,239683,5,5,4,0.295
39479,37721,5,5,1,0.147
39479,43354,5,5,1,0.189
39515,12611,5,5,4,4.108
39515,19047,5,5,1,1.96
39515,40415,5,5,9,6.251
39515,212290,5,5,4,5.461
39515,252866,5,5,2,1.814
39603,30046,5,5,1,0.331
39603,37718,5,5,1,0.075
39603,39603,5,5,1,0
39603,46651,5,5,1,0.326
39603,79159,5,5,1,0.478
39605,10936,5,5,1,0.214
39605,22387,5,5,1,0.335
39605,23028,5,5,1,0.204
39606,8749,5,5,1,0.395
39606,32351,5,5,1,0.378
39607,28416,5,5,1,0.327
39607,29267,5,5,1,0.267
39674,23245,5,5,1,0.431
39674,40415,5,5,1,0.167
39685,2569,5,5,1,0.267
39685,15422,5,5,1,0.266
39883,10371,5,5,1,0.259
39883,29586,5,5,1,0.205
39883,51374,5,5,2,0.95
40028,1433,5,5,1,0.403
40028,40028,5,5,1,0
40028,45342,5,5,1,0.154
40032,1433,5,5,1,0.44
40032,20484,5,5,1,0.299
40033,30108,5,5,3,0.425
40033,31675,5,5,1,0.227
40033,49272,5,5,2,0.428
40185,2569,5,5,1,1.102
40185,6709,5,5,1,0.235
40185,26688,5,5,1,0.635
40185,143064,5,5,1,0.561
40185,252305,5,5,1,0.572
40290,16464,5,5,1,0.185
40290,34156,5,5,1,0.294
40415,26520,5,5,6,2.506
40415,39674,5,5,1,0.167
40515,45598,5,5,1,0.263
40515,45744,5,5,1,0.331
40515,144469,5,5,1,0.434
40664,6634,5,5,1,0.254
40664,29212,5,5,4,1.077
40664,45931,5,5,2,0.462
40664,79177,5,5,1,0.234
41069,45158,5,5,5,1.947
41069,146014,5,5,10,1.851
41069,151626,5,5,1,0.561
41160,34376,5,5,1,0.185
41160,51387,5,5,1,0.45
41365,12611,5,5,2,0.573
41365,13161,5,5,2,0.685
41365,44155,5,5,2,0.779
41365,198784,5,5,5,1.722
41435,28656,5,5,1,0.232
41435,41435,5,5,1,0
41435,47100,5,5,1,0.278
41435,47804,5,5,1,0.251
41435,65234,5,5,3,1.236
41435,95015,5,5,3,1.005
41435,138517,5,5,1,0.332
41435,254543,5,5,5,0.77
41767,15971,5,5,23,3.938
41767,18945,5,5,1,0.832
41995,26517,5,5,1,0.325
41995,178677,5,5,1,0.189
42004,38165,5,5,1,0.263
42004,149452,5,5,1,0.207
42006,4574,5,5,1,0.316
42006,12611,5,5,5,4.381
42006,16464,5,5,1,0.22
42006,18378,5,5,5,2.832
42006,29287,5,5,9,6.115
42006,42006,5,5,1,0
42006,42409,5,5,1,0.212
42006,97247,5,5,1,0.088
42006,106914,5,5,2,0.061
42006,106915,5,5,1,0.071
42006,239679,5,5,3,0.633
42024,22532,5,5,1,0.21
42024,45861,5,5,1,0.193
42301,205,5,5,3,0.175
42301,26892,5,5,1,0.191
42406,1455,5,5,1,0.419
42406,8596,5,5,2,0.989
42406,36806,5,5,2,1.874
42406,202288,5,5,2,1.475
42409,18260,5,5,1,0.58
42409,42006,5,5,1,0.212
42432,16934,5,5,1,0.404
42432,48745,5,5,1,0.101
42489,324,5,5,1,0.193
42489,22637,5,5,1,0.201
42489,37972,5,5,1,0.243
42504,1455,5,5,1,0.32
42504,42504,5,5,1,0
42504,94196,5,5,1,0.278
42518,26225,5,5,3,1.175
42518,29918,5,5,1,0.365
42518,45931,5,5,2,1.274
42518,115561,5,5,4,1.37
42743,8406,5,5,1,0.216
42743,23683,5,5,1,0.147
42743,186754,5,5,1,0.364
42852,37721,5,5,1,0.237
42852,194031,5,5,1,0.065
43027,36554,5,5,1,0.369
43027,36563,5,5,1,0.3
43111,32349,5,5,1,0.436
43111,158184,5,5,1,0.069
43233,4508,5,5,1,0.389
43233,18568,5,5,1,0.448
43281,1455,5,5,1,0.127
43281,1556,5,5,1,0.284
43281,106461,5,5,1,0.635
43281,211579,5,5,1,0.34
43351,3399,5,5,1,0.28
43351,10929,5,5,1,0.179
43351,155005,5,5,1,0.253
43351,176506,5,5,1,0.13
43354,21261,5,5,1,0.727
43354,39479,5,5,1,0.189
43737,38678,5,5,1,0.222
43737,51387,5,5,1,0.288
43737,98615,5,5,1,0.344
44155,41365,5,5,2,0.779
44155,198783,5,5,1,0.203
44162,21457,5,5,1,0.277
44162,44200,5,5,1,0.204
44162,65234,5,5,1,0.267
44200,44162,5,5,1,0.204
44200,134953,5,5,1,0.298
44360,6707,5,5,1,0.32
44360,37056,5,5,1,0.197
44360,48785,5,5,1,0.185
44390,11204,5,5,1,0.265
44390,14151,5,5,1,0.297
44390,33588,5,5,1,0.287
44556,44556,5,5,1,0
44556,45931,5,5,1,0.403
44556,51843,5,5,1,0.133
44556,176273,5,5,2,1.306
44556,211421,5,5,7,4.879
44570,17676,5,5,1,0.267
44570,20988,5,5,1,0.393
44570,34495,5,5,1,0.194
44967,12164,5,5,1,0.315
44967,18260,5,5,1,0.56
44967,49025,5,5,2,0.746
45099,6862,5,5,1,0.227
45099,37493,5,5,1,0.379
45158,7492,5,5,3,1.155
45158,16569,5,5,1,0.41
45158,18260,5,5,25,5.85
45158,85239,5,5,1,1.287
45342,2797,5,5,1,0.288
45342,11351,5,5,1,0.448
45342,40028,5,5,1,0.154
45342,45342,5,5,1,0
45359,45360,5,5,1,0.184
45359,45362,5,5,1,0.182
45360,45359,5,5,1,0.184
45360,77826,5,5,1,0.286
45361,17919,5,5,1,0.186
45361,28415,5,5,1,0.222
45361,45362,5,5,1,0.178
45361,47860,5,5,1,0.334
45361,173982,5,5,1,0.287
45362,15338,5,5,1,0.59
45362,45359,5,5,1,0.182
45362,45361,5,5,1,0.178
45593,18616,5,5,1,0.287
45593,45742,5,5,1,0.274
45598,15372,5,5,1,0.154
45598,40515,5,5,1,0.263
45742,26625,5,5,1,0.499
45742,39370,5,5,6,0.273
45742,45593,5,5,1,0.274
45744,16252,5,5,2,1.65
45744,26625,5,5,1,0.619
45744,39370,5,5,1,0.347
45744,40515,5,5,1,0.331
45744,85239,5,5,1,1.425
45744,144469,5,5,1,0.664
45744,261965,5,5,1,0.266
45855,2569,5,5,1,0.431
45855,3546,5,5,1,0.316
45855,7492,5,5,1,0.548
45855,45855,5,5,1,0
45861,7492,5,5,1,0.209
45861,42024,5,5,1,0.193
45924,4322,5,5,1,0.343
45924,33821,5,5,1,0.224
45924,47807,5,5,1,0.208
45924,48723,5,5,2,0.341
45924,107224,5,5,2,0.346
45927,23805,5,5,1,0.315
45927,45929,5,5,1,0.394
45927,84436,5,5,1,0.36
45928,4186,5,5,1,0.311
45928,23805,5,5,1,0.506
45929,29212,5,5,4,1.221
45929,45927,5,5,1,0.394
45929,45931,5,5,1,0.292
45929,157185,5,5,1,0.452
45931,26225,5,5,1,0.282
45931,40664,5,5,3,0.462
45931,42518,5,5,2,1.274
45931,44556,5,5,1,0.403
45931,45929,5,5,1,0.292
45931,115561,5,5,2,0.344
46472,5133,5,5,1,0.519
46587,9461,5,5,1,0.261
46587,21881,5,5,1,0.154
46587,128595,5,5,1,0.199
46651,15806,5,5,1,0.286
46651,39603,5,5,1,0.326
46651,48617,5,5,1,0.266
46913,16252,5,5,2,1.516
46913,33340,5,5,1,0.43
47100,29975,5,5,1,0.285
47100,41435,5,5,1,0.278
47100,44200,5,5,1,0.551
47100,138517,5,5,1,0.061
47292,1433,5,5,1,0.192
47292,20486,5,5,1,0.336
47539,20987,5,5,2,0.452
47539,51374,5,5,1,0.245
47539,107351,5,5,1,0.208
47614,21222,5,5,1,0.117
47614,24464,5,5,1,0.329
47714,324,5,5,1,0.182
47714,5229,5,5,1,0.279
47779,6709,5,5,1,0.501
47779,13024,5,5,1,0.489
47779,61562,5,5,2,0.719
47804,41435,5,5,1,0.251
47804,49159,5,5,1,0.259
47806,5045,5,5,1,0.274
47806,21059,5,5,1,0.386
47806,71210,5,5,1,0.266
47807,4322,5,5,1,0.239
47807,45924,5,5,1,0.208
47807,84490,5,5,1,0.182
47860,16686,5,5,1,0.234
47860,31923,5,5,1,0.292
47860,45361,5,5,1,0.334
48543,29212,5,5,1,0.851
48543,45927,5,5,1,0.3
48617,46651,5,5,1,0.266
48617,96997,5,5,1,0.451
48723,12999,5,5,1,0.493
48723,33821,5,5,1,0.152
48745,23465,5,5,1,0.318
48745,42432,5,5,1,0.101
48785,9909,5,5,1,0.386
48785,181554,5,5,1,0.233
48996,5133,5,5,1,0.684
48996,35886,5,5,2,0.61
48996,98656,5,5,1,0.638
48996,149450,5,5,1,0.128
49025,4990,5,5,1,0.225
49025,18260,5,5,3,1.264
49027,136777,5,5,1,0.077
49027,151119,5,5,2,0.319
49046,9214,5,5,1,0.176
49046,29918,5,5,1,0.437
49046,33823,5,5,1,0.341
49158,49158,5,5,1,0
49158,64802,5,5,1,0.27
49158,128596,5,5,1,0.47
49159,37972,5,5,1,0.154
49159,47804,5,5,1,0.259
49272,31671,5,5,1,0.265
49272,40033,5,5,2,0.428
49417,7001,5,5,1,0.284
49417,36874,5,5,1,0.508
50367,16684,5,5,1,0.139
50367,16686,5,5,1,0.521
50892,278,5,5,1,0.185
50892,20300,5,5,1,0.275
51096,15806,5,5,1,0.227
51096,51156,5,5,1,0.223
51135,23500,5,5,8,6.685
51135,29918,5,5,5,1.968
51135,31678,5,5,1,0.2
51135,58243,5,5,1,0.574
51135,212256,5,5,10,8.006
51137,36384,5,5,1,0.346
51137,223593,5,5,1,0.196
51156,163,5,5,1,0.115
51156,8407,5,5,1,0.321
51156,16685,5,5,2,0.523
51156,51096,5,5,1,0.223
51160,15422,5,5,1,0.565
51160,20988,5,5,1,0.334
51160,30108,5,5,2,0.263
51160,213552,5,5,1,0.453
51374,9635,5,5,1,0.307
51374,39883,5,5,6,0.95
51374,47539,5,5,1,0.245
51383,8406,5,5,1,0.244
51383,8407,5,5,1,0.281
51383,34037,5,5,1,0.119
51383,159189,5,5,1,0.263
51387,22387,5,5,1,0.184
51387,38678,5,5,1,0.504
51387,41160,5,5,1,0.45
51387,43737,5,5,1,0.288
51428,1978,5,5,1,0.642
51428,17426,5,5,1,0.263
51428,29322,5,5,1,0.26
51843,104915,5,5,1,0.154
52596,16569,5,5,5,1.757
52596,41069,5,5,13,1.888
52596,124956,5,5,2,1.18
52652,44556,5,5,1,0.892
58243,20300,5,5,1,0.337
59329,98613,5,5,2,1.053
59567,25810,5,5,1,0.208
61450,12611,5,5,2,1.132
61450,18260,5,5,6,5.058
61450,42006,5,5,9,5.49
61562,22532,5,5,1,0.136
64433,73881,5,5,2,0.904
64433,129870,5,5,2,0.908
64433,215944,5,5,2,1.308
64802,33588,5,5,1,0.156
65107,51135,5,5,1,0.34
65234,16939,5,5,1,0.3
65234,21457,5,5,1,0.024
65234,41435,5,5,3,1.236
65234,44162,5,5,1,0.267
65923,211446,5,5,1,0.189
65927,211445,5,5,1,0.184
67019,17015,5,5,1,0.195
67789,251519,5,5,1,0.103
67811,4354,5,5,1,0.449
68448,13328,5,5,1,0.444
68448,32697,5,5,3,0.46
68448,39370,5,5,1,0.794
68448,97248,5,5,1,0.318
70400,38165,5,5,1,0.205
70400,43354,5,5,1,0.557
71075,16066,5,5,1,0.23
71210,3944,5,5,1,0.248
71837,45855,5,5,1,0.108
72469,176271,5,5,1,0.132
72746,156705,5,5,1,0.211
73881,64433,5,5,1,0.904
73881,148469,5,5,7,3.264
73881,151603,5,5,5,3.782
73882,64433,5,5,7,1.923
73882,180627,5,5,1,0.708
74777,210069,5,5,2,0.506
75747,28873,5,5,1,0.207
76546,10373,5,5,1,0.252
76546,45362,5,5,1,0.459
76716,33318,5,5,1,0.332
76716,165323,5,5,1,0.404
77274,11337,5,5,12,2.796
77274,171163,5,5,13,1.777
77694,17015,5,5,1,0.207
77826,29585,5,5,1,0.161
77826,114004,5,5,1,0.184
79159,10929,5,5,1,0.068
79159,22069,5,5,1,0.138
79159,24400,5,5,1,0.193
79177,11004,5,5,1,0.208
80888,20846,5,5,1,0.17
81564,11839,5,5,2,1.109
81570,139620,5,5,1,0.837
81856,9446,5,5,1,0.252
81856,9886,5,5,1,0.461
81856,49417,5,5,1,0.196
81856,245228,5,5,1,0.341
82295,108222,5,5,1,0.232
82782,82790,5,5,1,0.303
82790,47779,5,5,1,0.375
84436,26770,5,5,3,1.295
84488,18418,5,5,5,1.554
84488,29583,5,5,1,0.525
84488,59567,5,5,3,1.012
84490,47807,5,5,1,0.182
84492,6638,5,5,1,0.198
84492,14714,5,5,1,0.483
84492,22654,5,5,1,0.356
85239,45158,5,5,1,1.287
85239,261965,5,5,1,1.186
86003,14714,5,5,1,0.212
86003,16685,5,5,1,0.267
87535,23029,5,5,1,0.157
87538,19027,5,5,1,0.239
87705,7682,5,5,2,0.597
88662,1712,5,5,1,0.168
88662,1714,5,5,1,0.151
88662,20832,5,5,2,0.557
88669,127384,5,5,1,0.359
88671,88662,5,5,1,0.313
88671,241415,5,5,4,0.443
89150,15371,5,5,1,0.257
89150,16464,5,5,1,0.46
89150,40290,5,5,1,0.319
91667,8596,5,5,1,0.653
94196,21059,5,5,1,0.265
94196,42504,5,5,2,0.278
95014,4508,5,5,4,3.266
95014,74777,5,5,1,1.943
95015,4508,5,5,2,0.934
95015,41435,5,5,2,1.005
95015,215945,5,5,1,0.846
96997,34496,5,5,1,0.194
97246,42006,5,5,1,0.083
97247,18378,5,5,5,2.805
97247,42006,5,5,1,0.088
97248,68448,5,5,1,0.318
98612,821,5,5,4,1.908
98612,52596,5,5,6,2.35
98612,176273,5,5,6,2.874
98612,211421,5,5,3,1.664
98613,7682,5,5,2,1.2
98613,18391,5,5,4,1.467
98615,23028,5,5,1,0.161
98617,18568,5,5,1,0.148
98618,18568,5,5,1,0.33
98618,126137,5,5,1,0.163
98656,28600,5,5,1,0.113
99823,251548,5,5,1,1.14
100803,129870,5,5,5,3.774
102643,26770,5,5,1,0.783
104911,26225,5,5,1,0.3
104911,45931,5,5,1,0.5
104911,115561,5,5,1,0.486
104915,76716,5,5,1,0.297
105228,145062,5,5,1,0.51
105478,5133,5,5,1,0.289
105479,105478,5,5,1,0.066
106461,35886,5,5,1,0.684
106914,12611,5,5,6,4.381
106914,18378,5,5,5,2.809
106915,18378,5,5,5,2.805
106916,42409,5,5,1,0.252
107214,43281,5,5,1,0.653
107214,200258,5,5,1,0.298
107224,33821,5,5,1,0.312
107225,18260,5,5,1,0.433
107225,42006,5,5,5,1.176
107351,51160,5,5,1,0.395
108222,19174,5,5,1,0.215
111631,47779,5,5,1,0.307
112587,18418,5,5,2,0.978
112587,106461,5,5,1,0.278
112588,24197,5,5,1,0.196
112588,25810,5,5,1,0.184
114002,3370,5,5,1,0.15
114004,114002,5,5,1,0.207
115260,3952,5,5,5,2.588
115261,211449,5,5,4,1.707
115561,26225,5,5,1,0.2
115561,42518,5,5,4,1.37
115561,45931,5,5,1,0.344
116740,10783,5,5,1,0.383
116740,200258,5,5,1,0.337
120899,35787,5,5,1,0.221
120899,218148,5,5,1,0.268
124956,7682,5,5,8,3.704
124956,146014,5,5,2,1.199
124956,167950,5,5,1,0.305
125621,77694,5,5,1,0.16
125992,205,5,5,1,0.159
125992,173983,5,5,1,0.387
125992,229895,5,5,1,0.187
126137,41435,5,5,1,0.3
126137,47100,5,5,1,0.045
127381,88669,5,5,1,0.123
127384,88671,5,5,1,0.263
127384,163062,5,5,2,0.461
128593,46587,5,5,1,0.199
128595,10169,5,5,1,0.192
128596,10169,5,5,2,0.257
128597,10928,5,5,1,0.438
128599,49158,5,5,1,0.476
129619,42006,5,5,1,0.079
129619,42409,5,5,2,0.264
129870,33340,5,5,6,1.28
129870,73882,5,5,7,1.197
129870,148469,5,5,7,3.261
131969,211447,5,5,1,0.376
133015,17997,5,5,1,0.106
133064,16464,5,5,1,0.259
134953,29975,5,5,1,0.145
134953,47100,5,5,1,0.258
136122,29212,5,5,1,0.732
136359,28876,5,5,1,0.133
136777,39603,5,5,1,0.252
136777,79159,5,5,1,0.244
136778,42006,5,5,1,0.151
138475,18945,5,5,4,2.422
138475,37108,5,5,1,0.265
138517,18568,5,5,1,0.46
138517,98618,5,5,1,0.13
139620,52596,5,5,1,0.555
141642,246003,5,5,3,2.55
141646,77274,5,5,7,1.924
141646,171163,5,5,2,1.137
141647,171163,5,5,6,1.811
143064,252305,5,5,1,0.05
144469,261965,5,5,1,0.405
145062,157978,5,5,2,0.412
146014,59329,5,5,4,1.532
146014,155954,5,5,1,0.544
147332,13160,5,5,1,0.126
147458,147332,5,5,1,0.296
148469,16569,5,5,2,2.192
149450,25809,5,5,1,0.246
149452,7051,5,5,1,0.161
151119,37722,5,5,3,0.768
151482,13161,5,5,1,0.143
151482,41365,5,5,2,0.585
151603,24426,5,5,9,2.815
151603,95014,5,5,1,1.092
151603,215944,5,5,2,1.63
151626,10078,5,5,5,2.683
151626,33340,5,5,5,2.402
151626,73881,5,5,4,3.248
151626,73882,5,5,7,2.515
152970,50367,5,5,1,0.286
154968,88669,5,5,1,0.115
154969,154968,5,5,1,0.068
154970,154969,5,5,1,0.141
154972,67789,5,5,1,0.159
154973,30916,5,5,1,0.092
155005,21532,5,5,1,0.153
155875,28875,5,5,1,0.147
155954,81564,5,5,1,0.837
155954,151626,5,5,9,1.912
156704,17790,5,5,1,0.162
156705,81856,5,5,1,0.258
157185,48543,5,5,1,0.264
157885,18418,5,5,1,0.243
157978,41995,5,5,1,0.244
157978,178677,5,5,1,0.083
158057,136778,5,5,1,0.391
158057,236860,5,5,1,0.234
158146,48543,5,5,1,0.219
158184,43111,5,5,1,0.069
158184,147458,5,5,1,0.05
159189,51383,5,5,1,0.263
160148,10162,5,5,1,0.248
160148,36389,5,5,1,0.313
160148,176507,5,5,1,0.248
163047,37056,5,5,1,0.414
163062,88671,5,5,1,0.646
165323,32703,5,5,1,0.11
165323,104911,5,5,1,0.144
166974,7558,5,5,1,0.5
166975,23245,5,5,1,0.133
166975,99823,5,5,4,1.728
167950,227160,5,5,1,0.299
170047,211448,5,5,1,0.177
171163,6061,5,5,2,1.172
171163,11337,5,5,1,1.143
171163,77274,5,5,6,1.777
171163,141642,5,5,2,1.15
172853,18260,5,5,13,9.536
172853,19159,5,5,3,2.518
173087,25811,5,5,1,0.095
173982,10373,5,5,1,0.353
173982,45361,5,5,1,0.287
173983,125992,5,5,1,0.387
173983,220243,5,5,1,0.17
176271,98617,5,5,1,0.176
176273,124956,5,5,1,0.301
176273,146014,5,5,2,1.475
176506,181712,5,5,1,0.15
176507,158057,5,5,1,0.271
177631,28600,5,5,1,0.384
177631,48996,5,5,1,0.397
177631,98656,5,5,1,0.273
178677,26516,5,5,1,0.176
180627,10078,5,5,1,0.295
180627,64433,5,5,6,1.629
180627,73881,5,5,1,0.738
180627,148469,5,5,6,2.54
181455,17093,5,5,1,0.136
181554,44360,5,5,1,0.054
181712,49027,5,5,1,0.129
181712,136777,5,5,1,0.101
184368,18418,5,5,4,0.998
184368,30044,5,5,1,0.263
184370,9909,5,5,1,0.055
186754,4322,5,5,1,0.221
186791,33665,5,5,1,0.385
187353,18978,5,5,1,0.41
187353,29918,5,5,10,4.566
187355,1978,5,5,1,0.272
187846,21922,5,5,1,0.424
188315,23099,5,5,1,0.193
190893,23502,5,5,1,0.188
190893,91667,5,5,1,0.388
190893,250600,5,5,1,0.361
191900,29212,5,5,1,0.249
192840,1712,5,5,1,0.134
192841,192840,5,5,1,0.087
192843,192841,5,5,1,0.102
192845,192843,5,5,1,0.087
194030,35886,5,5,1,0.212
194031,9446,5,5,1,0.096
194032,35787,5,5,1,0.306
195940,29287,5,5,3,0.669
196001,38381,5,5,1,0.246
198783,44155,5,5,1,0.203
198784,18378,5,5,4,3.261
200258,106461,5,5,1,0.293
200258,116740,5,5,1,0.337
202288,23502,5,5,1,0.501
202288,190893,5,5,1,0.374
203077,33821,5,5,4,1.974
205320,21251,5,5,1,0.207
205320,26892,5,5,1,0.267
205320,34496,5,5,1,0.28
206171,252862,5,5,1,1.424
207307,26891,5,5,1,0.251
208046,38678,5,5,1,0.507
210068,100803,5,5,2,1.107
210068,151603,5,5,2,1.096
210069,151603,5,5,4,3.185
210069,210068,5,5,2,2.095
210069,210070,5,5,2,2.254
210070,24426,5,5,7,1.137
210070,74777,5,5,5,2.489
211445,131969,5,5,1,0.226
211446,229296,5,5,1,0.135
211447,229293,5,5,1,0.242
211448,115260,5,5,4,1.693
211449,229297,5,5,1,0.163
211579,17506,5,5,1,0.142
211579,43281,5,5,1,0.34
211579,44360,5,5,1,1.047
212074,155875,5,5,1,0.159
212256,23502,5,5,1,0.167
212256,32361,5,5,2,1.313
212256,37108,5,5,5,1.432
212256,51135,5,5,14,8.006
212256,91667,5,5,1,0.41
212289,206171,5,5,1,0.664
212289,239920,5,5,8,5.644
212290,1714,5,5,1,0.18
213415,181455,5,5,1,0.298
213552,47539,5,5,1,0.17
215059,13160,5,5,1,0.083
215944,64433,5,5,5,1.308
215944,151603,5,5,1,1.63
215945,4508,5,5,1,0.097
215945,95015,5,5,1,0.846
216154,41435,5,5,4,0.801
218148,177631,5,5,1,0.234
218153,247677,5,5,1,0.097
219576,84488,5,5,3,0.935
220243,10162,5,5,1,0.204
220243,173983,5,5,1,0.17
220244,160148,5,5,1,0.08
221753,1978,5,5,1,0.282
221987,35886,5,5,1,0.449
223341,16555,5,5,2,0.454
223341,30044,5,5,1,0.318
223342,223344,5,5,1,0.163
223344,48723,5,5,1,0.33
223555,10936,5,5,2,0.346
223555,29653,5,5,1,0.141
223593,31962,5,5,1,0.267
223593,65107,5,5,1,0.184
224088,49158,5,5,1,0.269
227160,52652,5,5,1,0.11
227160,98613,5,5,5,2.942
229293,3952,5,5,6,2.709
229293,65923,5,5,1,0.199
229296,170047,5,5,1,0.42
229296,172853,5,5,1,0.138
229296,212525,5,5,1,0.229
229297,65927,5,5,1,0.414
229895,17919,5,5,1,0.375
229895,125992,5,5,1,0.187
231829,26520,5,5,1,2.529
231829,239920,5,5,8,6.629
234890,9635,5,5,1,0.196
236860,136778,5,5,1,0.159
239556,252863,5,5,1,1.04
239679,239685,5,5,1,0.372
239681,18260,5,5,4,0.806
239681,239679,5,5,6,0.499
239683,29586,5,5,2,0.239
239683,39370,5,5,5,0.295
239685,16464,5,5,3,0.511
239685,42006,5,5,2,0.291
239685,239681,5,5,5,0.448
241415,192845,5,5,1,0.093
241591,21226,5,5,1,0.121
241592,13161,5,5,1,0.191
242951,212290,5,5,1,0.651
243011,40185,5,5,1,0.634
245228,42852,5,5,1,0.054
246002,37108,5,5,1,0.278
246003,34296,5,5,4,3.252
246003,37108,5,5,1,0.323
246003,141646,5,5,3,2.521
246889,45360,5,5,1,0.309
247677,157885,5,5,1,0.43
249099,45924,5,5,1,0.088
249099,47807,5,5,1,0.216
249545,2385,5,5,1,0.262
250600,250601,5,5,1,0.295
250601,8596,5,5,1,0.383
251519,154970,5,5,1,0.273
251548,26520,5,5,4,3.102
252305,82782,5,5,1,0.273
252552,12158,5,5,1,0.353
252552,72746,5,5,2,0.307
252552,156704,5,5,1,0.191
252862,252864,5,5,1,1.073
252863,242951,5,5,1,1.458
252864,252865,5,5,1,0.553
252865,39515,5,5,3,1.83
252865,239920,5,5,3,2.003
252866,239556,5,5,1,0.587
254419,17093,5,5,1,0.429
254543,29267,5,5,1,0.289
257737,21249,5,5,1,0.097
258261,21435,5,5,1,0.266
258801,2030,5,5,1,0.211
261051,4572,5,5,1,0.122
261965,40515,5,5,1,0.238
261965,45744,5,5,1,0.266
1978,1978,2,5,4,0.291
1978,1978,5,2,4,0.291
5133,5133,5,2,5,0.345
5133,5133,2,5,5,0.345
12164,12164,4,5,1,0.022
12164,12164,5,4,1,0.022
18260,18260,4,2,4,0.33
18260,18260,2,4,4,0.33
18260,18260,4,5,4,0.321
18260,18260,5,4,4,0.321
18260,18260,2,5,4,0.323
18260,18260,5,2,4,0.323
18978,18978,2,5,4,0.269
18978,18978,5,2,4,0.269
29212,29212,5,2,4,0.273
29212,29212,2,5,4,0.273
33665,33665,0,5,34,0.335
33665,33665,5,0,120,0.335
42006,42006,4,5,2,0.1
42006,42006,5,4,2,0.1
48996,48996,4,5,1,0.047
48996,48996,5,4,1,0.047
